City_ID,City,Lat,Lng,Max Temp,Humidity,Cloudiness,Wind Speed,Country,Date
0,provideniya,64.3833,-173.3,28.85,93,100,20.07,RU,1667831083
1,port hardy,50.6996,-127.4199,32.18,64,20,19.57,CA,1667831083
2,saint anthony,45.0205,-93.218,28.45,72,0,10.36,US,1667830497
3,dikson,73.5069,80.5464,7.74,91,100,11.36,RU,1667831084
4,egvekinot,66.3167,-179.1667,24.33,96,100,10.0,RU,1667831084
5,hobart,-42.8794,147.3294,55.06,92,53,4.61,AU,1667830867
6,castro,-24.7911,-50.0119,63.91,50,0,5.14,BR,1667831084
7,rikitea,-23.1203,-134.9692,72.84,86,100,22.1,PF,1667831085
8,cidreira,-30.1811,-50.2056,64.96,74,6,11.97,BR,1667831085
9,port elizabeth,-33.918,25.5701,74.1,75,0,19.57,ZA,1667831085
10,abu dhabi,24.4667,54.3667,86.11,65,0,4.61,AE,1667830453
11,puerto ayora,-0.7393,-90.3518,71.56,85,28,4.0,EC,1667831085
12,tiksi,71.6872,128.8694,0.68,90,100,21.34,RU,1667831086
13,lagoa,39.05,-27.9833,63.54,74,100,15.86,PT,1667831086
14,lazaro cardenas,17.9583,-102.2,77.05,85,32,3.62,MX,1667830981
15,zubova polyana,54.0771,42.8372,34.75,82,100,8.28,RU,1667831086
16,tiarei,-17.5333,-149.3333,73.42,89,100,19.64,PF,1667830496
17,te anau,-45.4167,167.7167,47.7,93,100,0.89,NZ,1667830595
18,lebu,-37.6167,-73.65,57.72,68,21,8.05,CL,1667831087
19,okhotsk,59.3833,143.3,8.31,88,48,10.2,RU,1667831087
20,digoin,46.4812,3.9795,66.29,45,0,5.75,FR,1667831087
21,ponta grossa,-25.095,-50.1619,63.64,54,0,5.55,BR,1667831087
22,chuy,-33.6971,-53.4616,67.77,56,6,13.06,UY,1667831088
23,bethel,41.3712,-73.414,72.66,76,0,8.05,US,1667831088
24,saint-joseph,-21.3667,55.6167,75.58,77,75,8.63,RE,1667831088
25,maun,-19.9833,23.4167,85.96,51,75,6.91,BW,1667831088
26,vaini,-21.2,-175.2,69.96,88,20,4.61,TO,1667831089
27,saint-philippe,-21.3585,55.7679,76.59,75,59,10.25,RE,1667831089
28,punta arenas,-53.15,-70.9167,53.11,76,100,10.89,CL,1667830866
29,vao,-22.6667,167.4833,74.61,84,100,17.49,NC,1667831089
30,yellowknife,62.456,-114.3525,1.92,85,100,4.61,CA,1667831041
31,hilo,19.7297,-155.09,71.11,92,100,5.99,US,1667831090
32,dunedin,-45.8742,170.5036,54.81,71,89,5.99,NZ,1667831061
33,langsa,4.4683,97.9683,75.18,95,100,2.3,ID,1667831090
34,qaqortoq,60.7167,-46.0333,29.19,90,89,2.64,GL,1667831090
35,mnogovershinnyy,53.9353,139.9242,18.59,92,92,5.95,RU,1667831091
36,mataura,-46.1927,168.8643,45.28,99,97,1.21,NZ,1667831091
37,tuatapere,-46.1333,167.6833,48.87,91,93,3.04,NZ,1667831091
38,tasiilaq,65.6145,-37.6368,30.36,89,100,13.71,GL,1667831091
39,hirara,24.8,125.2833,76.57,80,93,16.93,JP,1667831092
40,la ronge,55.1001,-105.2842,5.25,78,40,8.05,CA,1667831092
41,upernavik,72.7868,-56.1549,12.29,85,100,1.23,GL,1667831092
42,cape town,-33.9258,18.4232,75.11,52,0,12.66,ZA,1667831026
43,kapaa,22.0752,-159.319,77.32,84,75,13.8,US,1667831092
44,pangody,65.85,74.4859,20.97,96,100,8.32,RU,1667831093
45,busselton,-33.65,115.3333,60.31,74,99,13.87,AU,1667831093
46,jamestown,42.097,-79.2353,55.02,63,0,11.5,US,1667831093
47,kirovskiy,45.0917,133.5136,35.11,97,91,3.74,RU,1667830868
48,batemans bay,-35.7167,150.1833,56.34,96,27,3.85,AU,1667831094
49,bulungu,-4.55,18.6,82.35,71,100,2.95,CD,1667831094
50,aksay,47.26,39.87,41.25,60,100,13.0,RU,1667831094
51,champerico,14.3,-91.9167,81.14,78,98,3.2,GT,1667831094
52,port hedland,-20.3167,118.5667,73.45,68,10,17.27,AU,1667831095
53,yumen,40.2833,97.2,42.22,32,100,5.23,CN,1667831095
54,cayenne,4.9333,-52.3333,82.44,83,100,4.61,GF,1667831095
55,ribeira grande,38.5167,-28.7,68.4,68,40,12.66,PT,1667831095
56,ushuaia,-54.8,-68.3,49.66,76,20,4.61,AR,1667831096
57,kavieng,-2.5744,150.7967,82.58,74,100,5.75,PG,1667831096
58,hithadhoo,-0.6,73.0833,82.45,74,75,16.78,MV,1667831096
59,hofn,64.2539,-15.2082,42.82,75,75,19.57,IS,1667830561
60,bluff,-46.6,168.3333,52.7,85,56,12.88,NZ,1667831096
61,port-gentil,-0.7193,8.7815,85.96,74,75,12.66,GA,1667831097
62,eaton socon,52.2175,-0.2893,59.23,85,100,17.11,GB,1667831097
63,longyearbyen,78.2186,15.6401,30.04,80,75,13.8,SJ,1667831097
64,barrow,71.2906,-156.7887,30.22,86,100,13.8,US,1667830915
65,mahanoro,-19.9,48.8,77.58,70,41,12.82,MG,1667831098
66,paamiut,61.994,-49.6678,16.75,71,93,6.06,GL,1667831098
67,pangnirtung,66.1451,-65.7125,14.0,44,20,5.75,CA,1667831098
68,saskylakh,71.9167,114.0833,-22.92,100,81,4.25,RU,1667831098
69,najran,17.4924,44.1277,80.96,13,0,13.29,SA,1667830366
70,ballinrobe,53.6333,-9.2333,55.51,89,100,21.27,IE,1667831099
71,chokurdakh,70.6333,147.9167,-1.89,89,100,14.2,RU,1667831099
72,east london,-33.0153,27.9116,72.54,83,100,10.36,ZA,1667831099
73,touros,-5.1989,-35.4608,83.95,55,100,13.4,BR,1667830890
74,laguna,38.421,-121.4238,49.17,91,0,4.61,US,1667830899
75,tofield,53.3668,-112.6686,6.78,97,100,8.81,CA,1667831100
76,geraldton,-28.7667,114.6,64.81,72,40,6.91,AU,1667831100
77,san cristobal,7.7669,-72.225,71.78,64,27,5.32,VE,1667831100
78,hailey,43.5196,-114.3153,39.88,81,100,11.5,US,1667831100
79,necochea,-38.5473,-58.7368,74.46,43,7,15.01,AR,1667831101
80,torbay,47.6666,-52.7314,61.75,92,75,17.27,CA,1667831101
81,berlevag,70.8578,29.0864,33.75,86,75,2.3,NO,1667831101
82,jiazi,22.8779,116.067,70.5,86,100,14.41,CN,1667831102
83,golyshmanovo,56.3979,68.3728,25.23,91,100,3.71,RU,1667831102
84,barranca,-10.75,-77.7667,65.26,77,37,8.48,PE,1667831102
85,lompoc,34.6391,-120.4579,55.78,97,100,9.22,US,1667831054
86,katobu,-4.9408,122.5276,76.6,91,100,1.14,ID,1667831103
87,boa vista,2.8197,-60.6733,82.38,74,75,3.44,BR,1667831041
88,cherskiy,68.75,161.3,-6.83,100,70,3.09,RU,1667831103
89,hermanus,-34.4187,19.2345,68.81,67,2,20.45,ZA,1667831104
90,nouadhibou,20.931,-17.0347,75.85,49,0,9.06,MR,1667831104
91,guerrero negro,27.9769,-114.0611,63.18,78,99,8.25,MX,1667831025
92,mount isa,-20.7333,139.5,74.97,53,79,0.0,AU,1667831104
93,umm lajj,25.0213,37.2685,79.88,55,0,14.16,SA,1667830518
94,huadian,42.9633,126.7478,34.2,69,0,4.54,CN,1667831105
95,khorixas,-20.3667,14.9667,86.67,15,0,20.2,NA,1667831105
96,nikolskoye,59.7035,30.7861,44.49,83,100,9.08,RU,1667831105
97,asau,46.4333,26.4,52.72,60,5,2.98,RO,1667831106
98,bambous virieux,-20.3428,57.7575,77.25,73,40,9.22,MU,1667831106
99,new norfolk,-42.7826,147.0587,54.72,79,24,2.89,AU,1667831106
100,husavik,66.0449,-17.3389,39.79,89,66,9.13,IS,1667831107
101,harper,4.375,-7.7169,83.41,71,88,10.31,LR,1667831107
102,ovre ardal,61.3167,7.8,40.08,99,100,2.28,NO,1667831107
103,atuona,-9.8,-139.0333,76.08,71,100,12.08,PF,1667830830
104,iracoubo,5.4802,-53.2011,85.08,63,99,7.2,GF,1667831108
105,yaan,7.3833,8.5667,92.62,25,41,5.41,NG,1667831108
106,bengkulu,-3.8004,102.2655,76.39,91,100,6.69,ID,1667831108
107,qaanaaq,77.484,-69.3632,-1.44,89,100,10.69,GL,1667831109
108,ambovombe,-25.1667,46.0833,76.68,74,35,10.49,MG,1667831109
109,tautira,-17.7333,-149.15,76.24,86,100,19.3,PF,1667831110
110,ampanihy,-24.7,44.75,82.26,54,34,12.53,MG,1667831110
111,lakes entrance,-37.8811,147.981,55.17,91,38,4.83,AU,1667831110
112,lavrentiya,65.5833,-171.0,30.07,96,100,14.36,RU,1667831110
113,vallenar,-28.5708,-70.7581,73.29,42,84,5.61,CL,1667831111
114,nuuk,64.1835,-51.7216,20.01,58,20,20.71,GL,1667830538
115,komsomolskiy,40.4272,71.7189,54.32,62,61,16.11,UZ,1667831111
116,tuktoyaktuk,69.4541,-133.0374,-0.4,85,40,6.91,CA,1667831111
117,mocuba,-16.8392,36.9856,97.66,26,80,9.24,MZ,1667831112
118,san vicente,-26.6167,-54.1333,74.1,37,0,3.69,AR,1667831112
119,luderitz,-26.6481,15.1594,68.67,69,100,10.58,NA,1667831112
120,roald,62.5833,6.1333,47.75,81,0,5.75,NO,1667831113
121,souillac,-20.5167,57.5167,77.38,73,40,9.22,MU,1667831113
122,oskemen,49.9565,82.6119,31.96,93,100,4.47,KZ,1667831113
123,paita,-5.0892,-81.1144,66.97,77,6,8.7,PE,1667830530
124,brigantine,39.4101,-74.3646,74.19,83,20,10.36,US,1667831114
125,kasane,-17.8167,25.15,80.2,49,87,13.33,BW,1667831114
126,waipawa,-41.4122,175.5153,46.78,93,5,4.41,NZ,1667831114
127,port alfred,-33.5906,26.891,76.1,71,96,13.89,ZA,1667831115
128,batagay-alyta,67.8006,130.4114,-2.18,87,100,3.49,RU,1667831115
129,saint-pierre,-21.3393,55.4781,76.68,73,0,11.5,RE,1667831115
130,mar del plata,-38.0023,-57.5575,73.83,61,0,18.41,AR,1667831116
131,iqaluit,63.7506,-68.5145,17.33,67,75,16.11,CA,1667831116
132,ancud,-41.8697,-73.8203,55.62,69,100,4.25,CL,1667831117
133,comodoro rivadavia,-45.8667,-67.5,69.66,40,0,8.05,AR,1667831118
134,coquimbo,-29.9533,-71.3436,61.61,74,100,4.74,CL,1667831118
135,makakilo city,21.3469,-158.0858,76.44,73,0,8.05,US,1667831118
136,avarua,-21.2078,-159.775,68.05,94,91,2.3,CK,1667831119
137,rockland,41.1668,-74.0496,72.23,82,13,1.99,US,1667831119
138,zhigansk,66.7697,123.3711,-11.42,96,100,4.34,RU,1667831119
139,starominskaya,46.53,39.0497,44.53,55,100,13.76,RU,1667831001
140,kovdor,67.5662,30.4758,24.21,96,13,3.85,RU,1667831120
141,shubarshi,48.5872,57.1869,31.21,77,100,10.85,KZ,1667830551
142,itapora,-22.0799,-54.7874,78.3,38,35,9.98,BR,1667831120
143,dicabisagan,17.0818,122.4157,77.32,92,100,6.29,PH,1667830526
144,larap,14.299,122.6504,78.67,89,95,5.86,PH,1667831120
145,stephenville,32.2207,-98.2023,63.75,75,100,0.0,US,1667830948
146,carnarvon,-24.8667,113.6333,66.29,63,1,15.05,AU,1667831121
147,butaritari,3.0707,172.7902,79.66,77,43,7.56,KI,1667831121
148,quchan,37.106,58.5095,40.44,68,49,9.8,IR,1667831121
149,clovis,36.8252,-119.7029,57.85,90,100,8.05,US,1667830903
150,faanui,-16.4833,-151.75,78.66,77,13,13.44,PF,1667831122
151,georgetown,5.4112,100.3354,82.24,81,20,0.0,MY,1667831122
152,fukue,32.6881,128.8419,63.18,54,0,11.39,JP,1667831122
153,sao joao da barra,-21.6403,-41.0511,78.89,62,21,6.62,BR,1667831122
154,agidel,55.9077,53.9355,30.0,84,100,7.87,RU,1667831123
155,vanimo,-2.6741,141.3028,79.63,85,100,4.32,PG,1667831123
156,yulara,-25.2406,130.9889,79.02,39,80,13.65,AU,1667830588
157,ucluelet,48.9329,-125.5528,34.95,71,49,10.54,CA,1667831123
158,clonakilty,51.6231,-8.8706,56.41,90,100,35.68,IE,1667831124
159,bilma,18.6853,12.9164,86.38,12,0,2.39,NE,1667831124
160,armstrong,-32.7822,-61.6022,78.51,33,10,14.81,AR,1667831124
161,niquero,20.0431,-77.5828,78.4,79,4,11.99,CU,1667831124
162,samarai,-10.6167,150.6667,81.37,79,28,3.87,PG,1667831125
163,kaeo,-35.1,173.7833,58.32,96,100,15.52,NZ,1667831125
164,albany,42.6001,-73.9662,65.79,59,0,1.99,US,1667831125
165,lata,40.1629,-8.3327,65.07,62,100,7.7,PT,1667831125
166,mahibadhoo,3.7833,72.9667,81.5,76,100,10.96,MV,1667831126
167,kavaratti,10.5669,72.642,82.56,69,87,4.56,IN,1667831126
168,airai,-8.9266,125.4092,63.03,93,100,2.28,TL,1667831126
169,tarrafal,15.2833,-23.7667,88.59,66,70,12.5,CV,1667831126
170,gat,31.61,34.7642,73.81,28,0,11.12,IL,1667831127
171,maxixe,-23.8597,35.3472,80.87,68,95,10.25,MZ,1667830536
172,manacapuru,-3.2997,-60.6206,80.65,75,100,4.25,BR,1667831127
173,port hawkesbury,45.6169,-61.3485,70.72,78,75,26.46,CA,1667831127
174,vieques,18.425,-65.8329,84.22,74,40,4.61,PR,1667831128
175,cordoba,-31.4135,-64.1811,80.24,33,0,17.27,AR,1667831056
176,kenai,60.5544,-151.2583,5.05,85,0,4.61,US,1667830973
177,novikovo,51.1537,37.8879,37.17,72,70,5.82,RU,1667831128
178,skelleftea,64.7507,20.9528,33.01,100,100,4.61,SE,1667831128
179,pombas,17.1503,-25.0201,82.18,67,37,12.68,CV,1667831128
180,nanortalik,60.1432,-45.2371,29.8,87,27,2.42,GL,1667831129
181,darab,28.7519,54.5444,69.71,33,2,4.68,IR,1667831129
182,fontem,5.4685,9.8818,79.34,62,97,1.5,CM,1667831129
183,general roca,-39.0333,-67.5833,86.63,21,22,18.41,AR,1667831130
184,kungurtug,50.5994,97.5228,23.58,78,84,1.81,RU,1667831130
185,petropavlovsk-kamchatskiy,53.0452,158.6483,28.51,65,0,19.04,RU,1667830350
186,arraial do cabo,-22.9661,-42.0278,75.16,68,75,6.91,BR,1667831130
187,muzhi,65.3667,64.6667,18.46,96,100,5.21,RU,1667831130
188,saldanha,-33.0117,17.9442,64.83,70,13,12.41,ZA,1667831131
189,otavalo,0.2333,-78.2667,62.82,62,9,3.15,EC,1667831131
190,huanren,41.2647,125.3667,36.61,80,0,2.08,CN,1667831131
191,linjiang,41.8069,126.9078,35.2,94,82,1.05,CN,1667831131
192,riyadh,24.6877,46.7219,87.94,16,0,5.5,SA,1667830969
193,valdivia,-39.8142,-73.2459,66.27,51,82,1.57,CL,1667831132
194,tura,25.5198,90.2201,66.63,82,2,2.98,IN,1667831132
195,bilibino,68.0546,166.4372,-7.74,99,20,4.45,RU,1667831132
196,tanout,14.9709,8.8879,86.58,10,6,10.16,NE,1667831133
197,atakpame,7.5333,1.1333,90.93,35,22,5.3,TG,1667831133
198,sinnamary,5.3833,-52.95,84.54,65,97,7.9,GF,1667831133
199,ulaanbaatar,47.9077,106.8832,8.73,85,0,2.24,MN,1667831133
200,dingle,10.9995,122.6711,77.22,90,100,6.13,PH,1667830569
201,san carlos de bariloche,-41.1456,-71.3082,60.55,36,0,5.75,AR,1667831134
202,ilulissat,69.2167,-51.1,-2.52,91,57,5.95,GL,1667831134
203,puertollano,38.6871,-4.1073,72.19,17,12,10.87,ES,1667831134
204,talnakh,69.4865,88.3972,16.65,96,100,3.4,RU,1667830546
205,ketchikan,55.3422,-131.6461,23.02,44,0,13.78,US,1667830871
206,khatanga,71.9667,102.5,5.43,96,100,5.21,RU,1667831135
207,shar,49.5886,81.0453,36.64,65,100,5.68,KZ,1667831135
208,monywa,22.1167,95.1333,75.6,63,0,2.17,MM,1667831135
209,nizhniy kuranakh,58.8353,125.4869,-10.73,98,48,3.62,RU,1667831136
210,sao filipe,14.8961,-24.4956,80.04,64,99,6.17,CV,1667831136
211,taoudenni,22.6783,-3.9836,90.99,10,62,11.5,ML,1667831136
212,hobyo,5.3505,48.5268,81.64,68,17,12.35,SO,1667831136
213,dickinson,29.4608,-95.0513,75.94,96,100,8.05,US,1667830920
214,port blair,11.6667,92.75,81.45,75,100,10.98,IN,1667831137
215,roma,43.2128,-75.4557,61.72,65,0,11.5,US,1667830893
216,adrar,20.5022,-10.0711,91.71,10,52,8.84,MR,1667831137
217,byron bay,-28.65,153.6167,55.94,73,87,4.83,AU,1667831137
218,sergeyevka,53.88,67.4158,26.76,97,99,6.2,KZ,1667831138
219,saint-tite,46.7334,-72.5658,56.25,60,44,15.68,CA,1667831138
220,vila franca do campo,37.7167,-25.4333,69.19,75,100,14.92,PT,1667830588
221,sao miguel do araguaia,-13.275,-50.1628,88.75,44,100,6.22,BR,1667831138
222,belaya gora,68.5333,146.4167,-14.48,99,32,7.49,RU,1667831138
223,victoria,22.2855,114.1577,72.32,87,39,8.99,HK,1667831139
224,san policarpo,12.1791,125.5072,81.63,81,100,2.71,PH,1667831139
225,kudahuvadhoo,2.6708,72.8944,81.37,78,99,13.04,MV,1667831139
226,coari,-4.085,-63.1414,84.69,65,80,1.72,BR,1667831139
227,toora-khem,52.4675,96.11,25.23,98,100,0.76,RU,1667831140
228,itaituba,-4.2761,-55.9836,82.56,83,75,4.61,BR,1667831140
229,mahebourg,-20.4081,57.7,77.29,73,40,9.22,MU,1667831140
230,nosy varika,-20.5833,48.5333,77.16,73,45,13.6,MG,1667831141
231,nizhniy baskunchak,48.2198,46.8311,40.17,58,13,3.36,RU,1667831141
232,balikpapan,-1.2675,116.8289,81.59,83,20,3.44,ID,1667830568
233,burnie,-41.0667,145.9167,53.94,89,86,3.44,AU,1667831141
234,alice springs,-23.7,133.8833,67.55,22,8,0.0,AU,1667831141
235,verkhnevilyuysk,63.4453,120.3167,-19.14,100,13,2.55,RU,1667831142
236,polson,47.6936,-114.1632,15.28,84,100,8.03,US,1667831142
237,ginir,7.1333,40.7,64.67,66,99,6.67,ET,1667830569
238,pingliang,35.5392,106.6861,49.28,66,99,5.93,CN,1667831142
239,capao da canoa,-29.7456,-50.0097,64.02,78,16,8.14,BR,1667831142
240,sassandra,4.95,-6.0833,84.6,64,80,6.73,CI,1667830546
241,tingi,-11.3,35.0333,85.15,28,69,5.77,TZ,1667831143
242,tibati,6.4667,12.6333,88.63,26,6,6.31,CM,1667831143
243,qandala,11.472,49.8728,80.44,75,7,4.61,SO,1667831143
244,coihaique,-45.5752,-72.0662,62.31,64,98,5.91,CL,1667831144
245,kununurra,-15.7667,128.7333,84.18,65,15,6.91,AU,1667831144
246,kaitangata,-46.2817,169.8464,51.6,77,97,7.09,NZ,1667831144
247,visby,57.6409,18.296,52.02,82,75,18.41,SE,1667831144
248,ginda,30.6945,78.4932,51.73,61,4,5.97,IN,1667831145
249,envira,-7.3,-70.2167,89.64,31,28,2.86,BR,1667831145
250,visegrad,43.7847,19.2992,58.05,72,100,2.48,BA,1667831145
251,zhurivka,50.5028,31.7849,44.69,60,69,8.52,UA,1667831145
252,sumenep,-7.0167,113.8667,81.07,75,99,0.4,ID,1667831146
253,tondon,10.3667,-13.35,93.24,43,79,0.47,GN,1667831146
254,deputatskiy,69.3,139.9,-2.6,87,100,8.48,RU,1667831146
255,srednekolymsk,67.45,153.6833,-21.51,100,83,3.4,RU,1667831146
256,broome,42.2506,-75.833,61.92,64,0,11.5,US,1667831147
257,raudeberg,61.9875,5.1352,45.27,62,100,14.25,NO,1667831147
258,aksarka,66.5606,67.7975,19.36,94,100,8.28,RU,1667831147
259,devonport,-41.1667,146.35,54.01,88,63,2.8,AU,1667831148
260,bukama,-9.2,25.85,79.45,65,85,7.0,CD,1667831148
261,hvolsvollur,63.7533,-20.2243,41.67,73,100,7.58,IS,1667831148
262,aswan,24.0934,32.907,85.3,18,0,6.91,EG,1667831148
263,kalianget,-7.05,113.9333,81.79,72,98,1.19,ID,1667831149
264,henties bay,-22.116,14.2845,67.78,71,19,9.69,NA,1667831149
265,meulaboh,4.1363,96.1285,77.16,88,97,3.87,ID,1667830559
266,poum,-20.2333,164.0167,77.95,81,43,8.3,NC,1667831149
267,antofagasta,-23.65,-70.4,66.63,62,31,6.85,CL,1667831149
268,bredasdorp,-34.5322,20.0403,73.22,43,8,23.31,ZA,1667831150
269,vestmannaeyjar,63.4427,-20.2734,41.99,87,75,5.75,IS,1667830585
270,bouca,6.5105,18.2733,90.84,37,84,3.11,CF,1667831150
271,korla,41.7597,86.1469,48.83,37,100,1.68,CN,1667831150
272,nardaran,40.5561,50.0056,49.64,71,75,4.61,AZ,1667831151
273,laizhou,37.1717,119.9214,50.54,88,0,5.17,CN,1667831151
274,virginia beach,36.8529,-75.978,72.01,84,75,4.61,US,1667831151
275,wum,6.3833,10.0667,75.83,62,94,2.84,CM,1667831151
276,humaita,-7.5061,-63.0208,96.46,31,20,2.64,BR,1667831152
277,hasaki,35.7333,140.8333,56.21,85,74,14.65,JP,1667831152
278,wanaka,-44.7,169.15,47.53,85,41,3.09,NZ,1667831152
279,havre,49.5833,0.3333,59.4,82,75,13.8,FR,1667831152
280,takoradi,4.8845,-1.7554,83.52,70,100,8.7,GH,1667831153
281,garowe,8.4054,48.4845,90.07,24,7,4.05,SO,1667831153
282,sept-iles,50.2001,-66.3821,45.12,99,100,3.44,CA,1667830890
283,adamas,36.7333,24.4333,65.05,72,0,19.73,GR,1667831153
284,rio grande,-32.035,-52.0986,69.91,62,6,14.43,BR,1667831153
285,kachiry,53.0675,76.1036,32.4,72,100,3.94,KZ,1667831154
286,yantal,56.8471,105.2542,26.26,83,100,9.78,RU,1667831154
287,schramberg,48.224,8.3858,59.79,69,100,9.89,DE,1667831154
288,port lincoln,-34.7333,135.8667,68.22,59,97,16.15,AU,1667831155
289,amapa,1.0,-52.0,78.51,92,92,2.35,BR,1667831155
290,kita,13.0349,-9.4895,98.38,17,16,7.16,ML,1667831155
291,sosnovo-ozerskoye,52.5249,111.5418,23.09,76,23,5.82,RU,1667831155
292,kalmunai,7.4167,81.8167,78.6,82,86,7.67,LK,1667831156
293,saint george,37.1041,-113.5841,55.94,41,0,14.97,US,1667831156
294,sagarejo,41.734,45.3315,45.03,81,100,5.48,GE,1667831156
295,honningsvag,70.9821,25.9704,35.35,93,100,9.22,NO,1667831156
296,ponta do sol,32.6667,-17.1,73.0,87,100,2.13,PT,1667831157
297,thompson,55.7435,-97.8558,1.56,78,75,8.05,CA,1667831157
298,ajdabiya,30.7554,20.2263,73.31,52,83,16.58,LY,1667831157
299,flinders,-34.5833,150.8552,62.38,81,60,7.0,AU,1667831157
300,kieta,-6.2167,155.6333,78.62,82,100,4.07,PG,1667831158
301,teeli,51.0333,90.2333,25.57,83,100,1.52,RU,1667831158
302,japura,-0.3167,102.35,76.24,92,100,1.95,ID,1667831158
303,puerto baquerizo moreno,-0.9,-89.6,68.99,73,75,9.22,EC,1667831159
304,salalah,17.0151,54.0924,82.49,74,20,5.75,OM,1667831159
305,blind river,46.1834,-82.9582,42.91,67,79,18.72,CA,1667831159
306,ushibuka,32.1906,130.0228,63.18,65,2,8.75,JP,1667831159
307,guarapari,-20.6667,-40.4975,75.88,68,27,7.94,BR,1667831160
308,esperance,-33.8667,121.9,60.64,83,93,13.62,AU,1667831160
309,buncrana,55.1333,-7.45,56.97,89,100,16.44,IE,1667831160
310,hamilton,39.1834,-84.5333,57.24,60,20,9.22,US,1667831040
311,olafsvik,64.8945,-23.7142,41.63,77,88,11.97,IS,1667831160
312,rio bueno,-40.3167,-72.9667,64.11,54,83,1.14,CL,1667831161
313,vila velha,-20.3297,-40.2925,78.75,73,20,11.5,BR,1667831161
314,leningradskiy,69.3833,178.4167,7.84,86,17,5.41,RU,1667831161
315,kutum,14.2,24.6667,86.52,16,6,7.74,SD,1667831162
316,shimoda,34.6667,138.95,54.1,84,41,5.41,JP,1667831162
317,agadez,19.75,10.25,82.69,15,0,10.76,NE,1667831163
318,rudnya,54.947,31.0934,40.82,96,100,8.86,RU,1667831163
319,alofi,-19.0595,-169.9187,69.69,88,16,2.3,NU,1667830883
320,cadiz,36.5,-5.75,72.82,47,0,7.18,ES,1667831094
321,donskoye,45.4552,41.9741,39.33,60,43,17.54,RU,1667831164
322,nalut,30.3333,10.85,69.93,30,0,4.65,LY,1667831164
323,gondanglegi,-7.7479,112.0132,77.02,89,100,1.88,ID,1667831164
324,lar,26.2039,83.9717,74.84,45,66,1.45,IN,1667831165
325,sorland,67.667,12.6934,42.66,81,20,18.41,NO,1667831165
326,zhuji,29.7188,120.2423,58.95,83,0,1.74,CN,1667831165
327,itarema,-2.9248,-39.9167,86.45,59,61,16.35,BR,1667831166
328,majene,-3.5403,118.9707,75.63,94,100,4.65,ID,1667831166
329,kikwit,-5.041,18.8162,77.49,90,100,4.25,CD,1667831166
330,painesville,41.7245,-81.2457,57.04,53,0,12.66,US,1667830982
331,andilamena,-17.0167,48.5833,74.57,49,7,12.39,MG,1667831167
332,rawson,-43.3002,-65.1023,72.0,35,62,15.32,AR,1667831167
333,avera,33.194,-82.5271,71.11,77,0,5.03,US,1667831167
334,los llanos de aridane,28.6585,-17.9182,72.12,79,75,8.01,ES,1667830923
335,portland,45.5234,-122.6762,40.95,94,100,8.05,US,1667831104
336,verkhnyaya inta,65.9811,60.3094,25.99,94,100,15.75,RU,1667831168
337,hervey bay,-25.2986,152.8535,67.69,72,1,12.28,AU,1667831166
338,bathsheba,13.2167,-59.5167,86.61,70,75,19.57,BB,1667831168
339,alfeld,51.9838,9.8199,59.31,91,100,1.01,DE,1667831168
340,marakkanam,12.2,79.95,78.66,82,4,12.77,IN,1667831169
341,mitu,1.1983,-70.1733,78.93,75,98,1.5,CO,1667831169
342,grand gaube,-20.0064,57.6608,77.4,67,2,5.01,MU,1667831169
343,oneonta,42.4529,-75.0638,64.31,69,0,11.39,US,1667831170
344,caravelas,-17.7125,-39.2481,79.14,53,100,10.07,BR,1667831170
345,arroyo,41.6096,-4.7969,57.15,75,20,4.61,ES,1667831170
346,labuhan,-6.8844,112.2051,80.83,78,100,1.05,ID,1667831171
347,mbekenyera,-10.0,38.9833,87.53,34,50,13.8,TZ,1667831171
348,prince rupert,54.3161,-130.3201,28.09,49,0,23.02,CA,1667830982
349,neiafu,-18.65,-173.9833,74.08,88,40,5.75,TO,1667831171
350,shaoyang,27.2315,111.4525,65.86,55,0,4.99,CN,1667831172
351,agadir,30.4202,-9.5982,84.65,35,3,7.83,MA,1667831172
352,severo-yeniseyskiy,60.3725,93.0408,20.03,95,100,6.96,RU,1667830588
353,grindavik,63.8424,-22.4338,41.47,81,75,6.91,IS,1667831172
354,kabalo,-6.05,26.9167,86.68,46,100,1.14,CD,1667831173
355,namatanai,-3.6667,152.4333,80.55,79,100,1.83,PG,1667831173
356,koscian,52.0883,16.6487,55.9,68,8,10.74,PL,1667831173
357,kirn,49.7833,7.45,56.17,83,100,11.48,DE,1667831174
358,stornoway,58.2093,-6.3865,53.92,88,75,12.66,GB,1667831174
359,tougue,11.4667,-11.6,86.74,33,68,7.52,GN,1667831174
360,lucea,18.451,-78.1736,84.06,67,6,2.91,JM,1667831174
361,brae,60.3964,-1.353,51.15,87,70,17.83,GB,1667831175
362,drumheller,51.4617,-112.7101,7.93,85,100,2.3,CA,1667831151
363,kyshtovka,56.555,76.6271,27.7,94,100,2.77,RU,1667831175
364,lahij,13.1667,44.5833,80.87,55,8,12.57,YE,1667831176
365,panama city,8.9936,-79.5197,81.18,86,40,12.66,PA,1667830914
366,sitka,57.0531,-135.33,23.34,47,0,10.27,US,1667831176
367,cumana,10.4635,-64.1775,84.22,63,87,1.59,VE,1667831176
368,devils lake,48.1128,-98.8651,15.94,89,0,5.75,US,1667831177
369,price,39.5994,-110.8107,42.06,65,0,9.22,US,1667831177
370,trairi,-3.2778,-39.2689,86.34,59,82,14.56,BR,1667831058
371,ciudad bolivar,8.1222,-63.5497,87.12,59,32,2.3,VE,1667831177
372,mantua,45.1667,10.7833,63.55,56,29,1.99,IT,1667831178
373,kizema,61.113,44.8302,33.01,92,100,7.7,RU,1667831178
374,katsuura,35.1333,140.3,62.33,88,74,10.6,JP,1667831178
375,san quintin,30.4833,-115.95,60.3,87,100,10.13,MX,1667831179
376,norman wells,65.282,-126.8329,-2.16,84,40,4.61,CA,1667831179
377,akyab,20.15,92.9,79.36,75,12,10.07,MM,1667831179
378,yenagoa,4.9247,6.2642,93.18,42,100,3.18,NG,1667831180
379,lorengau,-2.0226,147.2712,82.53,76,54,4.7,PG,1667831180
380,witu,-2.3889,40.4382,82.56,65,92,11.05,KE,1667831181
381,san patricio,28.017,-97.5169,80.46,86,0,8.39,US,1667831181
382,moyale,3.5167,39.0584,78.17,49,100,11.27,KE,1667831181
383,kodiak,57.79,-152.4072,36.91,70,100,14.97,US,1667831181
384,namuac,18.6109,121.1657,78.22,88,53,13.76,PH,1667831182
385,tutoia,-2.7619,-42.2744,84.76,65,97,12.21,BR,1667831182
386,manzhouli,49.6,117.4333,23.77,84,100,3.0,CN,1667831182
387,el alto,-4.2714,-81.2147,65.86,74,1,2.95,PE,1667831183
388,lagunas,-5.2269,-75.6753,88.5,47,4,1.05,PE,1667831183
389,narsaq,60.9167,-46.05,32.22,92,97,3.38,GL,1667831183
390,vostok,46.4856,135.8833,31.51,79,100,3.78,RU,1667831184
391,kansanshi,-12.0951,26.4273,69.51,70,100,2.28,ZM,1667831184
392,vaxjo,56.8777,14.8091,50.05,95,75,13.8,SE,1667831184
393,bairiki,1.3292,172.9752,77.0,83,20,3.44,KI,1667831185
394,hinton,53.4001,-117.5857,-1.59,97,100,6.08,CA,1667831185
395,xingyi,24.1877,102.817,52.66,75,12,1.61,CN,1667831185
396,iskateley,67.6803,53.1512,29.66,97,100,13.15,RU,1667831186
397,kruisfontein,-34.0033,24.7314,71.89,60,100,18.63,ZA,1667831186
398,port macquarie,-31.4333,152.9167,60.69,94,75,0.0,AU,1667831170
399,nicoya,10.1483,-85.452,76.44,90,97,1.39,CR,1667831186
400,walvis bay,-22.9575,14.5053,69.1,62,38,10.58,NA,1667831187
401,mabaruma,8.2,-59.7833,81.12,88,75,2.86,GY,1667831187
402,estancia,-11.2683,-37.4383,83.55,54,99,10.47,BR,1667831188
403,kerema,-7.9631,145.7785,78.26,87,66,3.71,PG,1667831188
404,pevek,69.7008,170.3133,7.74,90,11,8.72,RU,1667831188
405,olinda,-8.0089,-34.8553,85.73,62,40,6.91,BR,1667830958
406,padang,-0.9492,100.3543,77.05,87,100,3.94,ID,1667831189
407,wanlaweyn,2.6185,44.8938,86.58,53,93,15.5,SO,1667831189
408,bolshaya martynovka,47.271,41.6679,41.31,64,100,8.72,RU,1667831189
409,saint-augustin,51.226,-58.6502,53.22,90,98,8.37,CA,1667831190
410,pokhara,28.2333,83.9833,62.71,81,68,2.82,NP,1667830992
411,birjand,32.8663,59.2211,63.07,20,40,11.5,IR,1667831190
412,dataganj,28.0333,79.4,77.22,53,41,3.24,IN,1667831190
413,vodnyy,63.5046,53.4095,29.82,95,100,6.35,RU,1667831190
414,huangmei,30.1924,116.025,63.59,46,0,5.55,CN,1667831191
415,canico,32.6333,-16.85,73.0,86,75,6.91,PT,1667831191
416,sabang,5.8933,95.3214,82.6,74,100,10.4,ID,1667831191
417,san nicolas,18.1725,120.5953,78.55,83,29,6.17,PH,1667831191
418,naze,28.3667,129.4833,67.12,72,10,8.39,JP,1667831192
419,lao cai,22.4833,103.95,68.43,84,6,1.16,VN,1667831192
420,loa janan,-0.583,117.095,73.08,97,100,2.66,ID,1667831192
421,santiago,-33.4569,-70.6483,76.55,42,8,3.78,CL,1667831100
422,omsukchan,62.5333,155.8,1.42,100,100,2.24,RU,1667831193
423,severo-kurilsk,50.6789,156.125,35.98,67,94,17.78,RU,1667831193
424,sayat,38.7839,63.8803,49.87,38,100,13.73,TM,1667831193
425,jalu,29.0331,21.5482,75.02,45,100,12.46,LY,1667831193
426,rundu,-17.9333,19.7667,86.47,33,15,4.25,NA,1667831194
427,nome,64.5011,-165.4064,28.47,75,100,25.32,US,1667831194
428,mount gambier,-37.8333,140.7667,57.7,87,9,5.68,AU,1667831194
429,muros,42.7762,-9.0603,65.08,73,86,23.82,ES,1667831194
430,sobolevo,54.4299,31.8996,39.67,97,100,8.25,RU,1667831195
431,knysna,-34.0363,23.0471,70.5,68,94,6.4,ZA,1667831195
432,alnashi,56.1874,52.4792,29.64,90,100,8.79,RU,1667831195
433,bend,44.0582,-121.3153,31.86,76,0,11.01,US,1667831099
434,klaksvik,62.2266,-6.589,49.12,91,91,28.32,FO,1667831195
435,cabo san lucas,22.8909,-109.9124,73.51,72,11,4.0,MX,1667831079
436,bayanday,53.0661,105.5139,32.52,72,100,2.66,RU,1667831196
437,lazarev,52.225,141.5131,28.47,66,53,14.54,RU,1667831196
438,labytnangi,66.6572,66.4183,19.6,95,100,4.7,RU,1667831196
439,ondangwa,-17.9167,15.95,87.28,20,0,8.37,NA,1667831197
440,namibe,-15.1961,12.1522,76.62,59,0,15.37,AO,1667831197
441,galesburg,40.9478,-90.3712,41.99,66,0,5.75,US,1667831197
442,palia kalan,28.45,80.5833,71.31,68,35,4.38,IN,1667831096
443,codrington,-38.2667,141.9667,57.6,93,3,8.16,AU,1667831197
444,sao paulo de olivenca,-3.3783,-68.8725,89.28,50,8,1.95,BR,1667831198
445,inhambane,-23.865,35.3833,80.62,70,93,10.38,MZ,1667831198
446,synya,65.3718,58.0387,24.82,94,100,9.82,RU,1667831198
447,fort nelson,58.8053,-122.7002,-11.61,84,75,2.3,CA,1667831199
448,hambantota,6.1241,81.1185,75.54,100,99,4.61,LK,1667831199
449,ahuimanu,21.4447,-157.8378,77.61,77,20,8.05,US,1667831199
450,inuvik,68.3499,-133.7218,-1.34,84,20,8.05,CA,1667831021
451,tarakan,3.3,117.6333,82.31,74,99,6.64,ID,1667831177
452,piacabucu,-10.4056,-36.4344,76.77,88,94,12.01,BR,1667831199
453,petatlan,17.5167,-101.2667,78.6,86,100,2.35,MX,1667831200
454,chinsali,-10.5414,32.0816,79.68,37,99,7.72,ZM,1667831200
455,ahipara,-35.1667,173.1667,57.31,93,100,12.12,NZ,1667831200
456,bandarbeyla,9.4942,50.8122,80.04,69,0,10.51,SO,1667831200
457,kualakapuas,-3.0091,114.3876,73.8,95,100,1.66,ID,1667831201
458,san buenaventura,27.0833,-101.5333,65.48,62,0,6.91,MX,1667831201
459,gatton,-27.55,152.2833,60.64,81,32,2.44,AU,1667831201
460,mujiayingzi,42.1167,118.7833,36.9,28,0,5.82,CN,1667831202
461,baruun-urt,46.6806,113.2792,31.68,37,87,15.1,MN,1667831202
462,saint stephen,50.3333,-4.9,60.03,82,75,27.63,GB,1667831202
463,vardo,70.3705,31.1107,33.78,93,100,4.61,NO,1667831202
464,quatre cocos,-20.2078,57.7625,77.11,71,20,11.34,MU,1667831203
465,sisimiut,66.9395,-53.6735,14.88,77,67,9.69,GL,1667831203
466,kampot,10.6167,104.1833,77.05,84,83,4.43,KH,1667831203
467,bambanglipuro,-7.95,110.2833,75.61,94,100,2.04,ID,1667831203
468,siuna,13.7332,-84.7773,77.22,76,100,2.8,NI,1667831204
469,sandy bay,-42.913,147.3532,55.09,92,58,4.61,AU,1667831204
470,nemuro,43.3236,145.575,45.68,67,97,6.2,JP,1667831204
471,sembabule,-0.0772,31.4567,70.52,80,100,2.51,UG,1667831204
472,arkhangelsk,64.5401,40.5433,35.71,100,100,4.47,RU,1667831205
473,chipinge,-20.1883,32.6236,70.7,78,96,7.92,ZW,1667831205
474,stolbishche,55.6468,49.216,30.65,80,100,11.18,RU,1667831205
475,surab,28.4914,66.2585,59.27,52,86,9.62,PK,1667831205
476,albanel,48.8832,-72.4487,46.54,76,68,11.5,CA,1667831206
477,palaikastron,35.2,26.25,66.09,70,3,21.09,GR,1667831206
478,ust-kut,56.7938,105.7672,27.9,81,100,8.37,RU,1667831206
479,kyaikto,17.3,97.0167,76.89,73,6,4.29,MM,1667831207
480,beitbridge,-22.2167,30.0,87.3,44,39,16.37,ZW,1667831207
481,muroto,33.2833,134.15,64.89,68,6,3.18,JP,1667831207
482,madang,-5.2246,145.7966,76.28,94,100,3.8,PG,1667831207
483,tessalit,20.1986,1.0114,87.57,9,81,2.3,ML,1667831208
484,diu,20.7141,70.9822,78.78,55,39,4.97,IN,1667831208
485,buraydah,26.326,43.975,82.85,26,2,5.28,SA,1667830968
486,kaniama,-7.5667,24.1833,68.76,87,100,1.16,CD,1667831208
487,camacha,33.0833,-16.3333,69.22,73,40,5.75,PT,1667831209
488,olavarria,-36.8927,-60.3225,73.02,57,43,16.49,AR,1667831209
489,uarini,-2.99,-65.1083,83.28,69,100,1.99,BR,1667831209
490,abu samrah,35.3029,37.1841,66.9,50,43,11.95,SY,1667831209
491,tahe,52.3333,124.7333,16.32,94,27,3.2,CN,1667831210
492,esmeraldas,-19.7625,-44.3139,80.71,45,20,6.31,BR,1667831210
493,terney,45.0503,136.6092,38.25,92,97,5.59,RU,1667831210
494,raton,36.9034,-104.4391,35.94,100,100,12.66,US,1667831210
495,zhaoyang,42.682,126.0305,34.7,64,0,4.74,CN,1667831211
496,uthal,25.8072,66.6219,80.15,60,17,9.37,PK,1667831211
497,mutsu,41.2894,141.2169,47.62,72,98,2.28,JP,1667831211
498,ambilobe,-13.2,49.05,85.8,48,97,7.11,MG,1667831212
499,warrington,53.3925,-2.5802,59.27,85,75,10.36,GB,1667831212
500,jeronimo monteiro,-20.7894,-41.395,79.57,53,28,3.42,BR,1667831212
501,megion,61.0296,76.1136,24.82,97,96,5.08,RU,1667831212
502,tahta,26.7693,31.5021,80.96,21,23,14.85,EG,1667831213
503,oranjestad,12.524,-70.027,86.92,73,20,8.05,AW,1667831213
504,cherusti,55.5498,40.0107,33.85,98,100,4.88,RU,1667831213
505,huarmey,-10.0681,-78.1522,67.28,77,17,8.99,PE,1667831213
506,clyde river,70.4692,-68.5914,5.23,66,20,2.3,CA,1667831214
507,hernani,43.2662,-1.9762,72.43,46,0,11.01,ES,1667831214
508,sandnessjoen,66.0217,12.6316,37.51,87,0,12.66,NO,1667831214
509,curuca,-0.7289,-47.8481,80.4,86,100,5.21,BR,1667831215
510,newport,51.5877,-2.9984,59.83,88,100,24.29,GB,1667831215
511,pisco,-13.7,-76.2167,66.25,77,75,3.44,PE,1667831215
512,berdigestyakh,62.0989,126.6992,-22.32,100,82,3.0,RU,1667831215
513,yinchuan,38.4681,106.2731,47.48,28,12,5.41,CN,1667831216
514,mitsamiouli,-11.3847,43.2844,79.7,76,0,8.77,KM,1667831216
515,talcahuano,-36.7167,-73.1167,56.5,73,5,7.81,CL,1667831216
516,butembo,0.15,29.2833,66.42,93,99,1.39,CD,1667831216
517,central point,42.376,-122.9164,36.99,95,100,6.91,US,1667831217
518,north bend,43.4065,-124.2243,42.85,95,75,12.66,US,1667830981
519,conceicao do araguaia,-8.2578,-49.2647,82.87,69,100,7.54,BR,1667831217
520,saint-georges,12.0564,-61.7485,85.68,74,20,19.57,GD,1667831217
521,tonk,26.1667,75.7833,82.27,28,91,4.61,IN,1667831218
522,rudbar,30.15,62.6,75.2,25,0,6.85,AF,1667831218
523,luquillo,18.3725,-65.7166,85.01,83,20,10.36,PR,1667831218
524,along,28.1667,94.7667,62.55,88,0,1.12,IN,1667831218
525,bizhbulyak,53.6967,54.2642,26.01,96,100,6.02,RU,1667831219
526,winnemucca,40.973,-117.7357,33.85,75,100,20.71,US,1667831219
527,tommot,58.9564,126.2925,-18.83,99,68,1.99,RU,1667831219
528,baghramyan,40.1934,44.3683,55.45,38,94,0.0,AM,1667831220
529,palmer,42.1584,-72.3287,70.45,73,20,5.75,US,1667831220
530,gazojak,41.1875,61.4036,44.8,50,98,15.93,TM,1667831220
531,jinan,36.6683,116.9972,53.02,29,0,4.79,CN,1667831218
532,portage,41.1667,-81.1998,55.83,57,0,10.36,US,1667831220
533,puteyets,65.1716,57.091,25.03,95,100,8.68,RU,1667831221
534,krasnyye chetai,55.6887,46.1386,32.65,82,100,9.37,RU,1667831221
535,oudtshoorn,-33.5907,22.2014,64.76,53,79,16.69,ZA,1667831221
536,ossora,59.2353,163.0719,36.61,89,100,12.37,RU,1667831221
537,eenhana,-17.4667,16.3333,89.49,18,0,9.24,NA,1667831222
538,thinadhoo,0.5333,72.9333,82.06,77,11,16.89,MV,1667831222
539,westport,41.1415,-73.3579,73.42,78,25,4.0,US,1667830951
540,barinas,8.6226,-70.2075,81.05,73,74,3.53,VE,1667831223
541,houma,29.5958,-90.7195,71.01,99,100,8.05,US,1667831055
542,bazarnyye mataki,54.8833,49.9333,31.96,86,100,7.76,RU,1667831223
543,andros town,24.7,-77.7667,82.36,66,1,20.85,BS,1667831223
544,kisangani,0.5167,25.2,84.97,54,100,2.66,CD,1667831224
545,chapais,49.7834,-74.8492,38.98,64,66,15.59,CA,1667831224
546,acapulco,16.8634,-99.8901,78.62,89,0,4.61,MX,1667831169
547,moussoro,13.6408,16.4901,98.04,11,7,9.33,TD,1667831224
548,zlobin,45.2924,14.6541,56.59,61,0,4.61,HR,1667831225
549,falun,60.6036,15.626,45.95,96,100,4.36,SE,1667831225
550,sambava,-14.2667,50.1667,77.13,69,100,10.36,MG,1667831225
551,barra do garcas,-15.89,-52.2567,90.18,37,0,6.91,BR,1667830928
552,shenjiamen,29.9576,122.298,63.46,64,15,7.43,CN,1667831226
553,fortuna,40.5982,-124.1573,43.36,95,100,13.8,US,1667831226
554,kasongo-lunda,-6.4667,16.8167,87.6,53,100,4.03,CD,1667831227
555,abha,18.2164,42.5053,67.82,68,20,9.22,SA,1667830971
556,kinablangan,7.6947,126.5503,79.3,83,17,3.04,PH,1667831228
557,mazara del vallo,37.6641,12.588,73.35,56,20,8.37,IT,1667831228
558,kushmurun,52.4503,64.6311,29.44,81,100,7.02,KZ,1667831229
559,skjervoy,70.0311,20.9714,35.6,75,100,22.86,NO,1667831229
